RMSE,Hidden Nodes,Learning Rate,Momentum,Regularization
21.87825749637093,32,0.01,0.0,0
22.168468396461776,32,0.01,0.0,1e-05
22.15003615850445,32,0.01,0.0,0.0001
22.111434233090108,32,0.01,0.0,0.0005
21.975814265777274,32,0.01,0.5,0
40.01329004408482,32,0.01,0.5,1e-05
45.22459804270454,32,0.01,0.5,0.0001
34.174381801149586,32,0.01,0.5,0.0005
22.160545722077842,32,0.01,0.8,0
36.46136774831198,32,0.01,0.8,1e-05
22.132289382560465,32,0.01,0.8,0.0001
30.63748460125936,32,0.01,0.8,0.0005
26.082597650295067,32,0.01,1.0,0
21.85622797538122,32,0.01,1.0,1e-05
48.94702287099605,32,0.01,1.0,0.0001
41.1214297795401,32,0.01,1.0,0.0005
23.08118506513796,32,0.1,0.0,0
19.7131663072804,32,0.1,0.0,1e-05
17.923629715322768,32,0.1,0.0,0.0001
20.56495407880524,32,0.1,0.0,0.0005
20.318684628920707,32,0.1,0.5,0
18.72569241270757,32,0.1,0.5,1e-05
19.47867143639629,32,0.1,0.5,0.0001
19.514387836391034,32,0.1,0.5,0.0005
21.318162918537784,32,0.1,0.8,0
19.94646400244353,32,0.1,0.8,1e-05
19.319755368351107,32,0.1,0.8,0.0001
26.376481487915278,32,0.1,0.8,0.0005
19.407129629090534,32,0.1,1.0,0
18.06813048466735,32,0.1,1.0,1e-05
21.31600227428591,32,0.1,1.0,0.0001
23.23140147450401,32,0.1,1.0,0.0005
44.78033684184215,32,0.8,0.0,0
12.53746483232975,32,0.8,0.0,1e-05
44.791928889537516,32,0.8,0.0,0.0001
45.918938610539236,32,0.8,0.0,0.0005
46.723061805306855,32,0.8,0.5,0
16.8297828379412,32,0.8,0.5,1e-05
44.486737331834746,32,0.8,0.5,0.0001
16.554343962798452,32,0.8,0.5,0.0005
45.02092248645577,32,0.8,0.8,0
44.936401559279425,32,0.8,0.8,1e-05
45.983570164215216,32,0.8,0.8,0.0001
43.803930172982234,32,0.8,0.8,0.0005
19.295470709827026,32,0.8,1.0,0
45.247456709895346,32,0.8,1.0,1e-05
44.488694960535355,32,0.8,1.0,0.0001
44.36778642034162,32,0.8,1.0,0.0005
46.957063621733184,32,1.0,0.0,0
43.6864056466805,32,1.0,0.0,1e-05
19.382767124768005,32,1.0,0.0,0.0001
16.243518172300817,32,1.0,0.0,0.0005
43.94044643352736,32,1.0,0.5,0
19.37677160992574,32,1.0,0.5,1e-05
18.260367048804902,32,1.0,0.5,0.0001
42.78335501918774,32,1.0,0.5,0.0005
47.40140810351546,32,1.0,0.8,0
15.905612282083878,32,1.0,0.8,1e-05
45.18228882778984,32,1.0,0.8,0.0001
16.05046189156207,32,1.0,0.8,0.0005
44.22058819258042,32,1.0,1.0,0
20.29181370907862,32,1.0,1.0,1e-05
44.87020361149557,32,1.0,1.0,0.0001
16.78854161684274,32,1.0,1.0,0.0005
22.100880069069472,64,0.01,0.0,0
22.150870745745493,64,0.01,0.0,1e-05
22.0904924995235,64,0.01,0.0,0.0001
22.11730647093951,64,0.01,0.0,0.0005
22.1619549526204,64,0.01,0.5,0
22.1295960472067,64,0.01,0.5,1e-05
22.109857497904684,64,0.01,0.5,0.0001
22.169463259565646,64,0.01,0.5,0.0005
22.32733396432974,64,0.01,0.8,0
22.068926012755888,64,0.01,0.8,1e-05
22.009751146303106,64,0.01,0.8,0.0001
21.846815330969743,64,0.01,0.8,0.0005
22.210537234590426,64,0.01,1.0,0
21.95949265439405,64,0.01,1.0,1e-05
21.897522817951273,64,0.01,1.0,0.0001
22.1619872287783,64,0.01,1.0,0.0005
25.25033135170763,64,0.1,0.0,0
24.633985863246185,64,0.1,0.0,1e-05
20.65027644339839,64,0.1,0.0,0.0001
20.37180183271403,64,0.1,0.0,0.0005
25.426214814904252,64,0.1,0.5,0
30.033479165670585,64,0.1,0.5,1e-05
18.26467956249056,64,0.1,0.5,0.0001
22.48546685498357,64,0.1,0.5,0.0005
29.31704639785244,64,0.1,0.8,0
21.40583564887666,64,0.1,0.8,1e-05
19.171553151641337,64,0.1,0.8,0.0001
20.41038440920246,64,0.1,0.8,0.0005
20.91291304444964,64,0.1,1.0,0
21.91116933048317,64,0.1,1.0,1e-05
20.02376557180368,64,0.1,1.0,0.0001
20.30985421005478,64,0.1,1.0,0.0005
47.574525466762644,64,0.8,0.0,0
47.400989987683595,64,0.8,0.0,1e-05
20.059775659788226,64,0.8,0.0,0.0001
17.45258275148283,64,0.8,0.0,0.0005
46.42766053690282,64,0.8,0.5,0
21.325207282419488,64,0.8,0.5,1e-05
16.683182958814225,64,0.8,0.5,0.0001
20.510258626536466,64,0.8,0.5,0.0005
48.317085276777235,64,0.8,0.8,0
16.84633501492502,64,0.8,0.8,1e-05
20.056239997221606,64,0.8,0.8,0.0001
18.772006595155812,64,0.8,0.8,0.0005
47.40029405046755,64,0.8,1.0,0
15.169558832813546,64,0.8,1.0,1e-05
47.290386771866984,64,0.8,1.0,0.0001
17.428612661066225,64,0.8,1.0,0.0005
49.46356096699278,64,1.0,0.0,0
48.36000016423507,64,1.0,0.0,1e-05
16.76465034943265,64,1.0,0.0,0.0001
21.21158932343441,64,1.0,0.0,0.0005
48.12001239540461,64,1.0,0.5,0
21.12643211382848,64,1.0,0.5,1e-05
17.507925032921882,64,1.0,0.5,0.0001
17.476996946532555,64,1.0,0.5,0.0005
49.199963327527755,64,1.0,0.8,0
18.067346609060248,64,1.0,0.8,1e-05
18.181550376529156,64,1.0,0.8,0.0001
16.699361531715418,64,1.0,0.8,0.0005
47.367870732833204,64,1.0,1.0,0
23.54984650905606,64,1.0,1.0,1e-05
19.81709555312172,64,1.0,1.0,0.0001
16.687859978993714,64,1.0,1.0,0.0005
22.02248848828544,128,0.01,0.0,0
21.927098514615967,128,0.01,0.0,1e-05
21.828940888356726,128,0.01,0.0,0.0001
22.277616426912058,128,0.01,0.0,0.0005
22.048827270247592,128,0.01,0.5,0
21.936556239231884,128,0.01,0.5,1e-05
22.161488332092738,128,0.01,0.5,0.0001
21.972282441897285,128,0.01,0.5,0.0005
22.318180559596897,128,0.01,0.8,0
22.02091384582518,128,0.01,0.8,1e-05
21.87217105176805,128,0.01,0.8,0.0001
22.121531350456948,128,0.01,0.8,0.0005
21.991044274764906,128,0.01,1.0,0
22.278515540456798,128,0.01,1.0,1e-05
22.172327595956762,128,0.01,1.0,0.0001
22.168208945360206,128,0.01,1.0,0.0005
21.71810222678222,128,0.1,0.0,0
19.47237790693953,128,0.1,0.0,1e-05
19.322972013853562,128,0.1,0.0,0.0001
29.37684922298413,128,0.1,0.0,0.0005
18.548876929432993,128,0.1,0.5,0
17.75845014077362,128,0.1,0.5,1e-05
17.23219634521472,128,0.1,0.5,0.0001
17.15877296871399,128,0.1,0.5,0.0005
22.61263463303652,128,0.1,0.8,0
18.15108094494902,128,0.1,0.8,1e-05
23.08079741830775,128,0.1,0.8,0.0001
23.295165641766374,128,0.1,0.8,0.0005
25.849690136296264,128,0.1,1.0,0
17.696123777582663,128,0.1,1.0,1e-05
17.805491308249316,128,0.1,1.0,0.0001
17.820350604263638,128,0.1,1.0,0.0005
50.09962133958263,128,0.8,0.0,0
21.077624968938757,128,0.8,0.0,1e-05
23.208266670156306,128,0.8,0.0,0.0001
19.7654321625828,128,0.8,0.0,0.0005
50.22756182014328,128,0.8,0.5,0
15.240571890350827,128,0.8,0.5,1e-05
19.501503870526992,128,0.8,0.5,0.0001
18.30777053547636,128,0.8,0.5,0.0005
50.04146257399942,128,0.8,0.8,0
20.11017139994807,128,0.8,0.8,1e-05
23.754290554691178,128,0.8,0.8,0.0001
16.238548550883856,128,0.8,0.8,0.0005
50.65561025898523,128,0.8,1.0,0
28.190148357157273,128,0.8,1.0,1e-05
44.766911739192885,128,0.8,1.0,0.0001
12.757870736051595,128,0.8,1.0,0.0005
51.05506565725627,128,1.0,0.0,0
20.28965653366341,128,1.0,0.0,1e-05
13.42861261426963,128,1.0,0.0,0.0001
19.54318242555339,128,1.0,0.0,0.0005
51.14324779552454,128,1.0,0.5,0
21.867318416604427,128,1.0,0.5,1e-05
16.68943669690432,128,1.0,0.5,0.0001
13.382914458768246,128,1.0,0.5,0.0005
50.977025709454445,128,1.0,0.8,0
19.210754088997138,128,1.0,0.8,1e-05
38.69301394503642,128,1.0,0.8,0.0001
14.111870461469517,128,1.0,0.8,0.0005
51.405719071974666,128,1.0,1.0,0
11.77582417537444,128,1.0,1.0,1e-05
51.484395597022065,128,1.0,1.0,0.0001
17.229091183736394,128,1.0,1.0,0.0005
48.73226240245751,"(8, 8)",0.01,0.0,0
33.23791980963131,"(8, 8)",0.01,0.0,1e-05
32.356716988582406,"(8, 8)",0.01,0.0,0.0001
22.231305870219742,"(8, 8)",0.01,0.0,0.0005
49.98686778601604,"(8, 8)",0.01,0.5,0
21.67519263244788,"(8, 8)",0.01,0.5,1e-05
41.8159702465519,"(8, 8)",0.01,0.5,0.0001
21.053638220717133,"(8, 8)",0.01,0.5,0.0005
40.615209533746714,"(8, 8)",0.01,0.8,0
21.731011395851485,"(8, 8)",0.01,0.8,1e-05
46.50026017227647,"(8, 8)",0.01,0.8,0.0001
21.7538249720122,"(8, 8)",0.01,0.8,0.0005
29.785464098865123,"(8, 8)",0.01,1.0,0
22.34713230415507,"(8, 8)",0.01,1.0,1e-05
36.143197659909994,"(8, 8)",0.01,1.0,0.0001
22.159547050330357,"(8, 8)",0.01,1.0,0.0005
31.80997977506183,"(8, 8)",0.1,0.0,0
13.01731836331721,"(8, 8)",0.1,0.0,1e-05
12.694284796592292,"(8, 8)",0.1,0.0,0.0001
10.877336239379005,"(8, 8)",0.1,0.0,0.0005
12.31713244451185,"(8, 8)",0.1,0.5,0
14.815639468126374,"(8, 8)",0.1,0.5,1e-05
11.76987012403433,"(8, 8)",0.1,0.5,0.0001
14.635866345864516,"(8, 8)",0.1,0.5,0.0005
15.33485171660862,"(8, 8)",0.1,0.8,0
11.830013404427781,"(8, 8)",0.1,0.8,1e-05
12.373437907738696,"(8, 8)",0.1,0.8,0.0001
18.305358203710334,"(8, 8)",0.1,0.8,0.0005
14.069763425545288,"(8, 8)",0.1,1.0,0
17.66014524006405,"(8, 8)",0.1,1.0,1e-05
15.245830834028954,"(8, 8)",0.1,1.0,0.0001
14.903350134893296,"(8, 8)",0.1,1.0,0.0005
20.04894958614844,"(8, 8)",0.8,0.0,0
47.173729479157714,"(8, 8)",0.8,0.0,1e-05
45.99584268352751,"(8, 8)",0.8,0.0,0.0001
16.0891253724805,"(8, 8)",0.8,0.0,0.0005
45.49103659449042,"(8, 8)",0.8,0.5,0
25.826585458990667,"(8, 8)",0.8,0.5,1e-05
28.39686450115108,"(8, 8)",0.8,0.5,0.0001
23.968009143537024,"(8, 8)",0.8,0.5,0.0005
19.957561116532275,"(8, 8)",0.8,0.8,0
13.738481697590295,"(8, 8)",0.8,0.8,1e-05
13.683218278077963,"(8, 8)",0.8,0.8,0.0001
48.74218777083484,"(8, 8)",0.8,0.8,0.0005
48.080340875054944,"(8, 8)",0.8,1.0,0
45.76944922184546,"(8, 8)",0.8,1.0,1e-05
46.76704455435797,"(8, 8)",0.8,1.0,0.0001
17.03519082392044,"(8, 8)",0.8,1.0,0.0005
20.014465551374695,"(8, 8)",1.0,0.0,0
46.927368167770325,"(8, 8)",1.0,0.0,1e-05
24.067526078651245,"(8, 8)",1.0,0.0,0.0001
43.13844906648011,"(8, 8)",1.0,0.0,0.0005
20.009815440277983,"(8, 8)",1.0,0.5,0
20.014535130974146,"(8, 8)",1.0,0.5,1e-05
20.025715230080234,"(8, 8)",1.0,0.5,0.0001
48.43117381758051,"(8, 8)",1.0,0.5,0.0005
20.04488471443677,"(8, 8)",1.0,0.8,0
49.507006589748904,"(8, 8)",1.0,0.8,1e-05
20.006338537776127,"(8, 8)",1.0,0.8,0.0001
20.01885367438316,"(8, 8)",1.0,0.8,0.0005
21.470362836606416,"(8, 8)",1.0,1.0,0
47.91572151880125,"(8, 8)",1.0,1.0,1e-05
20.016976816805045,"(8, 8)",1.0,1.0,0.0001
39.789881211477805,"(8, 8)",1.0,1.0,0.0005
22.53222337352101,"(16, 16)",0.01,0.0,0
14.669335575951147,"(16, 16)",0.01,0.0,1e-05
17.858282874363983,"(16, 16)",0.01,0.0,0.0001
18.864019180809027,"(16, 16)",0.01,0.0,0.0005
19.26874633218629,"(16, 16)",0.01,0.5,0
18.6975341052105,"(16, 16)",0.01,0.5,1e-05
21.8907841894881,"(16, 16)",0.01,0.5,0.0001
22.648923055989666,"(16, 16)",0.01,0.5,0.0005
22.318495067455057,"(16, 16)",0.01,0.8,0
23.055186408073727,"(16, 16)",0.01,0.8,1e-05
21.49547383667479,"(16, 16)",0.01,0.8,0.0001
32.399297273958524,"(16, 16)",0.01,0.8,0.0005
21.308886829698157,"(16, 16)",0.01,1.0,0
22.169664773136727,"(16, 16)",0.01,1.0,1e-05
21.844163049071614,"(16, 16)",0.01,1.0,0.0001
31.096998772184985,"(16, 16)",0.01,1.0,0.0005
13.866944787386357,"(16, 16)",0.1,0.0,0
12.860618305335823,"(16, 16)",0.1,0.0,1e-05
11.21684509447168,"(16, 16)",0.1,0.0,0.0001
11.538561155859668,"(16, 16)",0.1,0.0,0.0005
19.77277263958356,"(16, 16)",0.1,0.5,0
20.631176089603766,"(16, 16)",0.1,0.5,1e-05
20.176327656753934,"(16, 16)",0.1,0.5,0.0001
19.990953840963527,"(16, 16)",0.1,0.5,0.0005
19.726947774565865,"(16, 16)",0.1,0.8,0
21.116424794996316,"(16, 16)",0.1,0.8,1e-05
19.613413649508665,"(16, 16)",0.1,0.8,0.0001
22.733092614055927,"(16, 16)",0.1,0.8,0.0005
22.83182336877207,"(16, 16)",0.1,1.0,0
20.623496164539187,"(16, 16)",0.1,1.0,1e-05
13.1703155557262,"(16, 16)",0.1,1.0,0.0001
23.72344280535564,"(16, 16)",0.1,1.0,0.0005
50.7984966918385,"(16, 16)",0.8,0.0,0
19.95856317328173,"(16, 16)",0.8,0.0,1e-05
49.618965931477824,"(16, 16)",0.8,0.0,0.0001
51.557764709624564,"(16, 16)",0.8,0.0,0.0005
19.964480690565168,"(16, 16)",0.8,0.5,0
47.68588127832085,"(16, 16)",0.8,0.5,1e-05
19.999841532194438,"(16, 16)",0.8,0.5,0.0001
14.49275612782041,"(16, 16)",0.8,0.5,0.0005
20.05725659344684,"(16, 16)",0.8,0.8,0
48.45500832837131,"(16, 16)",0.8,0.8,1e-05
50.865629234065246,"(16, 16)",0.8,0.8,0.0001
18.329400598987878,"(16, 16)",0.8,0.8,0.0005
50.10372075435931,"(16, 16)",0.8,1.0,0
24.233678139086848,"(16, 16)",0.8,1.0,1e-05
49.07991340894806,"(16, 16)",0.8,1.0,0.0001
15.95457842250902,"(16, 16)",0.8,1.0,0.0005
51.0495068318414,"(16, 16)",1.0,0.0,0
48.53903320692185,"(16, 16)",1.0,0.0,1e-05
48.41506188466587,"(16, 16)",1.0,0.0,0.0001
20.476437233214217,"(16, 16)",1.0,0.0,0.0005
20.186008992291313,"(16, 16)",1.0,0.5,0
48.55087822903679,"(16, 16)",1.0,0.5,1e-05
15.284914531023809,"(16, 16)",1.0,0.5,0.0001
21.07198436017771,"(16, 16)",1.0,0.5,0.0005
52.02846538037188,"(16, 16)",1.0,0.8,0
52.3279096711414,"(16, 16)",1.0,0.8,1e-05
50.852915628929246,"(16, 16)",1.0,0.8,0.0001
51.476594265386346,"(16, 16)",1.0,0.8,0.0005
25.90429837378169,"(16, 16)",1.0,1.0,0
11.693703002183446,"(16, 16)",1.0,1.0,1e-05
50.81558686178109,"(16, 16)",1.0,1.0,0.0001
51.13706034020603,"(16, 16)",1.0,1.0,0.0005
27.781863249008214,"(32, 32)",0.01,0.0,0
17.003772061807936,"(32, 32)",0.01,0.0,1e-05
20.32057402175254,"(32, 32)",0.01,0.0,0.0001
32.338502508336695,"(32, 32)",0.01,0.0,0.0005
25.96317673367968,"(32, 32)",0.01,0.5,0
17.563421063055145,"(32, 32)",0.01,0.5,1e-05
21.44898148504238,"(32, 32)",0.01,0.5,0.0001
18.311516615042994,"(32, 32)",0.01,0.5,0.0005
17.458880470407852,"(32, 32)",0.01,0.8,0
26.534643083539365,"(32, 32)",0.01,0.8,1e-05
25.206959810098194,"(32, 32)",0.01,0.8,0.0001
26.93088808243994,"(32, 32)",0.01,0.8,0.0005
27.59825502352245,"(32, 32)",0.01,1.0,0
25.217684727770845,"(32, 32)",0.01,1.0,1e-05
21.413469041672307,"(32, 32)",0.01,1.0,0.0001
24.337027155572727,"(32, 32)",0.01,1.0,0.0005
23.548484637261677,"(32, 32)",0.1,0.0,0
19.449711951413214,"(32, 32)",0.1,0.0,1e-05
23.488803415887407,"(32, 32)",0.1,0.0,0.0001
18.389232655144177,"(32, 32)",0.1,0.0,0.0005
24.934125488744765,"(32, 32)",0.1,0.5,0
19.65121146256878,"(32, 32)",0.1,0.5,1e-05
23.06586873794492,"(32, 32)",0.1,0.5,0.0001
19.17755039753179,"(32, 32)",0.1,0.5,0.0005
15.044982415177106,"(32, 32)",0.1,0.8,0
19.764218760090635,"(32, 32)",0.1,0.8,1e-05
21.35529969269488,"(32, 32)",0.1,0.8,0.0001
18.478553669644633,"(32, 32)",0.1,0.8,0.0005
19.97488311582025,"(32, 32)",0.1,1.0,0
19.948256640633666,"(32, 32)",0.1,1.0,1e-05
21.337997219634364,"(32, 32)",0.1,1.0,0.0001
20.65292183814578,"(32, 32)",0.1,1.0,0.0005
51.82260822063002,"(32, 32)",0.8,0.0,0
16.540378543600585,"(32, 32)",0.8,0.0,1e-05
52.11789865978505,"(32, 32)",0.8,0.0,0.0001
14.931870113920867,"(32, 32)",0.8,0.0,0.0005
52.289373703359864,"(32, 32)",0.8,0.5,0
14.599756215663746,"(32, 32)",0.8,0.5,1e-05
50.739182657087504,"(32, 32)",0.8,0.5,0.0001
51.439908878946014,"(32, 32)",0.8,0.5,0.0005
19.919604268433535,"(32, 32)",0.8,0.8,0
52.17191027232093,"(32, 32)",0.8,0.8,1e-05
20.32159014075756,"(32, 32)",0.8,0.8,0.0001
16.25347358947432,"(32, 32)",0.8,0.8,0.0005
19.933683970967056,"(32, 32)",0.8,1.0,0
12.051879038689316,"(32, 32)",0.8,1.0,1e-05
52.19957200831136,"(32, 32)",0.8,1.0,0.0001
20.95420830168542,"(32, 32)",0.8,1.0,0.0005
21.461415402950852,"(32, 32)",1.0,0.0,0
20.228922872512662,"(32, 32)",1.0,0.0,1e-05
22.744636663305485,"(32, 32)",1.0,0.0,0.0001
15.51719129866177,"(32, 32)",1.0,0.0,0.0005
52.954296497898206,"(32, 32)",1.0,0.5,0
31.51396956778535,"(32, 32)",1.0,0.5,1e-05
54.62455066899815,"(32, 32)",1.0,0.5,0.0001
16.580611017878454,"(32, 32)",1.0,0.5,0.0005
21.521521509263415,"(32, 32)",1.0,0.8,0
52.67086611623029,"(32, 32)",1.0,0.8,1e-05
31.517478056930532,"(32, 32)",1.0,0.8,0.0001
53.30206538665057,"(32, 32)",1.0,0.8,0.0005
52.807894849601766,"(32, 32)",1.0,1.0,0
41.0356557187144,"(32, 32)",1.0,1.0,1e-05
24.547215060724593,"(32, 32)",1.0,1.0,0.0001
45.39792682715786,"(32, 32)",1.0,1.0,0.0005
15.282217751802785,"(8, 16, 8)",0.01,0.0,0
20.760973601502474,"(8, 16, 8)",0.01,0.0,1e-05
22.646907019950262,"(8, 16, 8)",0.01,0.0,0.0001
29.279745670753147,"(8, 16, 8)",0.01,0.0,0.0005
19.94636366180062,"(8, 16, 8)",0.01,0.5,0
20.69295850674597,"(8, 16, 8)",0.01,0.5,1e-05
23.70008146416967,"(8, 16, 8)",0.01,0.5,0.0001
26.561884603353644,"(8, 16, 8)",0.01,0.5,0.0005
19.754817917841752,"(8, 16, 8)",0.01,0.8,0
19.056679964770698,"(8, 16, 8)",0.01,0.8,1e-05
28.147118752407337,"(8, 16, 8)",0.01,0.8,0.0001
19.745752863275857,"(8, 16, 8)",0.01,0.8,0.0005
31.69308644081548,"(8, 16, 8)",0.01,1.0,0
30.287073049859394,"(8, 16, 8)",0.01,1.0,1e-05
24.905175768040404,"(8, 16, 8)",0.01,1.0,0.0001
11.351479300427552,"(8, 16, 8)",0.01,1.0,0.0005
18.70563692061471,"(8, 16, 8)",0.1,0.0,0
19.951513317243197,"(8, 16, 8)",0.1,0.0,1e-05
16.392428396078078,"(8, 16, 8)",0.1,0.0,0.0001
14.74383449605844,"(8, 16, 8)",0.1,0.0,0.0005
15.01540848680045,"(8, 16, 8)",0.1,0.5,0
21.671111875858056,"(8, 16, 8)",0.1,0.5,1e-05
22.207364796654648,"(8, 16, 8)",0.1,0.5,0.0001
23.04587435009632,"(8, 16, 8)",0.1,0.5,0.0005
16.241587900828854,"(8, 16, 8)",0.1,0.8,0
15.184850804669317,"(8, 16, 8)",0.1,0.8,1e-05
15.144947660186105,"(8, 16, 8)",0.1,0.8,0.0001
20.115156300476368,"(8, 16, 8)",0.1,0.8,0.0005
16.655214230368824,"(8, 16, 8)",0.1,1.0,0
16.913118367500314,"(8, 16, 8)",0.1,1.0,1e-05
18.046135779640835,"(8, 16, 8)",0.1,1.0,0.0001
17.43112639844757,"(8, 16, 8)",0.1,1.0,0.0005
51.230825228991854,"(8, 16, 8)",0.8,0.0,0
51.69852576419907,"(8, 16, 8)",0.8,0.0,1e-05
20.12020339009461,"(8, 16, 8)",0.8,0.0,0.0001
20.066175300825673,"(8, 16, 8)",0.8,0.0,0.0005
20.05987331239578,"(8, 16, 8)",0.8,0.5,0
50.48968174970636,"(8, 16, 8)",0.8,0.5,1e-05
20.062105502703336,"(8, 16, 8)",0.8,0.5,0.0001
20.065956110749045,"(8, 16, 8)",0.8,0.5,0.0005
20.05704421087978,"(8, 16, 8)",0.8,0.8,0
20.044249099516907,"(8, 16, 8)",0.8,0.8,1e-05
20.061937968144534,"(8, 16, 8)",0.8,0.8,0.0001
22.695793166014223,"(8, 16, 8)",0.8,0.8,0.0005
52.07595362027123,"(8, 16, 8)",0.8,1.0,0
51.66764888091021,"(8, 16, 8)",0.8,1.0,1e-05
20.05824716658023,"(8, 16, 8)",0.8,1.0,0.0001
21.506836893532583,"(8, 16, 8)",0.8,1.0,0.0005
20.028948602237243,"(8, 16, 8)",1.0,0.0,0
52.36767320925001,"(8, 16, 8)",1.0,0.0,1e-05
20.055424942010234,"(8, 16, 8)",1.0,0.0,0.0001
24.989638610397314,"(8, 16, 8)",1.0,0.0,0.0005
53.44254083887631,"(8, 16, 8)",1.0,0.5,0
20.04864037522997,"(8, 16, 8)",1.0,0.5,1e-05
51.92258370843798,"(8, 16, 8)",1.0,0.5,0.0001
20.02689474126994,"(8, 16, 8)",1.0,0.5,0.0005
50.39896932264811,"(8, 16, 8)",1.0,0.8,0
20.05410790633767,"(8, 16, 8)",1.0,0.8,1e-05
52.01893595760603,"(8, 16, 8)",1.0,0.8,0.0001
20.058065907591885,"(8, 16, 8)",1.0,0.8,0.0005
53.2440555521223,"(8, 16, 8)",1.0,1.0,0
50.27885543865161,"(8, 16, 8)",1.0,1.0,1e-05
20.062604765340005,"(8, 16, 8)",1.0,1.0,0.0001
52.74861956845953,"(8, 16, 8)",1.0,1.0,0.0005
25.488169336214327,"(16, 32, 16)",0.01,0.0,0
25.92010868525019,"(16, 32, 16)",0.01,0.0,1e-05
19.40710405581811,"(16, 32, 16)",0.01,0.0,0.0001
19.565407303828838,"(16, 32, 16)",0.01,0.0,0.0005
18.823592850339924,"(16, 32, 16)",0.01,0.5,0
19.007193037310376,"(16, 32, 16)",0.01,0.5,1e-05
25.373519035742213,"(16, 32, 16)",0.01,0.5,0.0001
19.685438224203967,"(16, 32, 16)",0.01,0.5,0.0005
25.720715401414296,"(16, 32, 16)",0.01,0.8,0
23.085834492262173,"(16, 32, 16)",0.01,0.8,1e-05
24.956687682199004,"(16, 32, 16)",0.01,0.8,0.0001
28.821201259690536,"(16, 32, 16)",0.01,0.8,0.0005
26.408528557634988,"(16, 32, 16)",0.01,1.0,0
23.168367486259857,"(16, 32, 16)",0.01,1.0,1e-05
22.043088113110848,"(16, 32, 16)",0.01,1.0,0.0001
19.503196361512877,"(16, 32, 16)",0.01,1.0,0.0005
11.047329368276898,"(16, 32, 16)",0.1,0.0,0
13.466891723270844,"(16, 32, 16)",0.1,0.0,1e-05
16.37297932010493,"(16, 32, 16)",0.1,0.0,0.0001
39.75931411360197,"(16, 32, 16)",0.1,0.0,0.0005
18.777878396842993,"(16, 32, 16)",0.1,0.5,0
20.98068879511624,"(16, 32, 16)",0.1,0.5,1e-05
15.443183444908717,"(16, 32, 16)",0.1,0.5,0.0001
17.909453958414304,"(16, 32, 16)",0.1,0.5,0.0005
14.999905583015355,"(16, 32, 16)",0.1,0.8,0
16.675359466109473,"(16, 32, 16)",0.1,0.8,1e-05
15.453672685065744,"(16, 32, 16)",0.1,0.8,0.0001
18.79289187254921,"(16, 32, 16)",0.1,0.8,0.0005
21.1585487670111,"(16, 32, 16)",0.1,1.0,0
15.85861014565827,"(16, 32, 16)",0.1,1.0,1e-05
15.389795733844629,"(16, 32, 16)",0.1,1.0,0.0001
13.307165522248077,"(16, 32, 16)",0.1,1.0,0.0005
19.915742349902917,"(16, 32, 16)",0.8,0.0,0
52.72243613226626,"(16, 32, 16)",0.8,0.0,1e-05
53.585774720343224,"(16, 32, 16)",0.8,0.0,0.0001
52.494864876505886,"(16, 32, 16)",0.8,0.0,0.0005
52.33555953756553,"(16, 32, 16)",0.8,0.5,0
53.320599727526854,"(16, 32, 16)",0.8,0.5,1e-05
52.6322920129712,"(16, 32, 16)",0.8,0.5,0.0001
19.98762348291699,"(16, 32, 16)",0.8,0.5,0.0005
52.397928010646375,"(16, 32, 16)",0.8,0.8,0
20.88673224837146,"(16, 32, 16)",0.8,0.8,1e-05
52.55774130632388,"(16, 32, 16)",0.8,0.8,0.0001
55.68013697605184,"(16, 32, 16)",0.8,0.8,0.0005
52.97166807807746,"(16, 32, 16)",0.8,1.0,0
20.393922129117204,"(16, 32, 16)",0.8,1.0,1e-05
52.49532920797902,"(16, 32, 16)",0.8,1.0,0.0001
52.44736686559464,"(16, 32, 16)",0.8,1.0,0.0005
52.37272296200324,"(16, 32, 16)",1.0,0.0,0
20.24310981700492,"(16, 32, 16)",1.0,0.0,1e-05
21.91164781327262,"(16, 32, 16)",1.0,0.0,0.0001
25.840531484753722,"(16, 32, 16)",1.0,0.0,0.0005
20.001022247583535,"(16, 32, 16)",1.0,0.5,0
53.51363272541717,"(16, 32, 16)",1.0,0.5,1e-05
53.075688182260976,"(16, 32, 16)",1.0,0.5,0.0001
20.905119390061508,"(16, 32, 16)",1.0,0.5,0.0005
53.65975975997985,"(16, 32, 16)",1.0,0.8,0
52.94542092377452,"(16, 32, 16)",1.0,0.8,1e-05
52.95414476263034,"(16, 32, 16)",1.0,0.8,0.0001
88.93750081868562,"(16, 32, 16)",1.0,0.8,0.0005
20.387168416244002,"(16, 32, 16)",1.0,1.0,0
53.1354671288979,"(16, 32, 16)",1.0,1.0,1e-05
21.99828583615813,"(16, 32, 16)",1.0,1.0,0.0001
53.12736618520661,"(16, 32, 16)",1.0,1.0,0.0005
16.507776495388157,"(8, 8, 8)",0.01,0.0,0
23.05305559315874,"(8, 8, 8)",0.01,0.0,1e-05
33.490169135634865,"(8, 8, 8)",0.01,0.0,0.0001
20.089621639557265,"(8, 8, 8)",0.01,0.0,0.0005
19.310718755089077,"(8, 8, 8)",0.01,0.5,0
22.33401210699238,"(8, 8, 8)",0.01,0.5,1e-05
26.524369012855335,"(8, 8, 8)",0.01,0.5,0.0001
20.091227911377324,"(8, 8, 8)",0.01,0.5,0.0005
25.464517094377886,"(8, 8, 8)",0.01,0.8,0
26.70156847780543,"(8, 8, 8)",0.01,0.8,1e-05
34.16131087493364,"(8, 8, 8)",0.01,0.8,0.0001
22.555368726026924,"(8, 8, 8)",0.01,0.8,0.0005
25.281342627938592,"(8, 8, 8)",0.01,1.0,0
29.79851411165084,"(8, 8, 8)",0.01,1.0,1e-05
22.04568372017182,"(8, 8, 8)",0.01,1.0,0.0001
22.80608207696074,"(8, 8, 8)",0.01,1.0,0.0005
12.944703847130784,"(8, 8, 8)",0.1,0.0,0
13.053476388724778,"(8, 8, 8)",0.1,0.0,1e-05
19.575947229041233,"(8, 8, 8)",0.1,0.0,0.0001
20.855070634366232,"(8, 8, 8)",0.1,0.0,0.0005
20.647040206058044,"(8, 8, 8)",0.1,0.5,0
11.87279259024866,"(8, 8, 8)",0.1,0.5,1e-05
17.143015023597414,"(8, 8, 8)",0.1,0.5,0.0001
19.4841974601604,"(8, 8, 8)",0.1,0.5,0.0005
21.45127407605065,"(8, 8, 8)",0.1,0.8,0
29.4692592120808,"(8, 8, 8)",0.1,0.8,1e-05
16.69217312349773,"(8, 8, 8)",0.1,0.8,0.0001
21.3489591174371,"(8, 8, 8)",0.1,0.8,0.0005
27.602277852987346,"(8, 8, 8)",0.1,1.0,0
18.353827162552992,"(8, 8, 8)",0.1,1.0,1e-05
20.431668561109618,"(8, 8, 8)",0.1,1.0,0.0001
19.374740668815544,"(8, 8, 8)",0.1,1.0,0.0005
20.055317607070975,"(8, 8, 8)",0.8,0.0,0
51.334983559246744,"(8, 8, 8)",0.8,0.0,1e-05
20.0616397111596,"(8, 8, 8)",0.8,0.0,0.0001
51.00947234257337,"(8, 8, 8)",0.8,0.0,0.0005
50.22405397115681,"(8, 8, 8)",0.8,0.5,0
21.13990808852851,"(8, 8, 8)",0.8,0.5,1e-05
40.775375386971085,"(8, 8, 8)",0.8,0.5,0.0001
20.059883475697397,"(8, 8, 8)",0.8,0.5,0.0005
20.05872684557947,"(8, 8, 8)",0.8,0.8,0
20.05402000234026,"(8, 8, 8)",0.8,0.8,1e-05
43.82019143511678,"(8, 8, 8)",0.8,0.8,0.0001
23.895953924620123,"(8, 8, 8)",0.8,0.8,0.0005
20.060639095962323,"(8, 8, 8)",0.8,1.0,0
50.082714415104014,"(8, 8, 8)",0.8,1.0,1e-05
19.93871754852091,"(8, 8, 8)",0.8,1.0,0.0001
20.065238532200286,"(8, 8, 8)",0.8,1.0,0.0005
47.46709600533671,"(8, 8, 8)",1.0,0.0,0
51.06141818434854,"(8, 8, 8)",1.0,0.0,1e-05
51.82225755482576,"(8, 8, 8)",1.0,0.0,0.0001
20.00965851838467,"(8, 8, 8)",1.0,0.0,0.0005
51.61442118775451,"(8, 8, 8)",1.0,0.5,0
15.017839932481362,"(8, 8, 8)",1.0,0.5,1e-05
52.92838405534917,"(8, 8, 8)",1.0,0.5,0.0001
53.238610773383016,"(8, 8, 8)",1.0,0.5,0.0005
20.04381883052525,"(8, 8, 8)",1.0,0.8,0
20.00801408559764,"(8, 8, 8)",1.0,0.8,1e-05
51.62808324574391,"(8, 8, 8)",1.0,0.8,0.0001
20.061223312789373,"(8, 8, 8)",1.0,0.8,0.0005
52.27381872355541,"(8, 8, 8)",1.0,1.0,0
20.77699282735291,"(8, 8, 8)",1.0,1.0,1e-05
51.366069291310055,"(8, 8, 8)",1.0,1.0,0.0001
51.49555916263736,"(8, 8, 8)",1.0,1.0,0.0005
