ME,Iteration,Hidden Nodes,Learning Rate,Momentum,Regularization
10.327689691535776,0,32,0.1,0.3,0.0001
10.038231759311149,0,32,0.1,0.3,0.0005
10.570799242014036,0,32,0.1,0.3,0.001
10.710974490507542,0,32,0.1,0.5,0.0001
10.000205971331184,0,32,0.1,0.5,0.0005
10.835307406955318,0,32,0.1,0.5,0.001
10.750297430182155,0,32,0.1,0.8,0.0001
9.948082610072388,0,32,0.1,0.8,0.0005
10.4234922668402,0,32,0.1,0.8,0.001
10.445852098469299,0,32,0.2,0.3,0.0001
11.209097211304034,0,32,0.2,0.3,0.0005
10.225976806504498,0,32,0.2,0.3,0.001
10.914304617379942,0,32,0.2,0.5,0.0001
10.364374206247232,0,32,0.2,0.5,0.0005
10.656836170348743,0,32,0.2,0.5,0.001
10.542620030479965,0,32,0.2,0.8,0.0001
10.591757254235823,0,32,0.2,0.8,0.0005
11.499354390135691,0,32,0.2,0.8,0.001
10.615292538973833,0,64,0.1,0.3,0.0001
10.447430353442389,0,64,0.1,0.3,0.0005
10.59427197940059,0,64,0.1,0.3,0.001
10.08128067321327,0,64,0.1,0.5,0.0001
10.78560587003916,0,64,0.1,0.5,0.0005
10.628906762958485,0,64,0.1,0.5,0.001
10.51368947774571,0,64,0.1,0.8,0.0001
10.391251828487842,0,64,0.1,0.8,0.0005
11.134099444867465,0,64,0.1,0.8,0.001
10.154792239022708,0,64,0.2,0.3,0.0001
10.88471789207013,0,64,0.2,0.3,0.0005
10.861562075899972,0,64,0.2,0.3,0.001
11.051000012916845,0,64,0.2,0.5,0.0001
10.73928471104661,0,64,0.2,0.5,0.0005
10.335822904671907,0,64,0.2,0.5,0.001
11.13108989065981,0,64,0.2,0.8,0.0001
10.2076893717575,0,64,0.2,0.8,0.0005
10.53348157804039,0,64,0.2,0.8,0.001
10.148188814437397,0,128,0.1,0.3,0.0001
10.628409276845904,0,128,0.1,0.3,0.0005
10.80595027107311,0,128,0.1,0.3,0.001
10.742390827540344,0,128,0.1,0.5,0.0001
10.508460965653292,0,128,0.1,0.5,0.0005
10.481663104855334,0,128,0.1,0.5,0.001
10.678376670605932,0,128,0.1,0.8,0.0001
10.877019683608655,0,128,0.1,0.8,0.0005
10.29253402979758,0,128,0.1,0.8,0.001
10.935588331958026,0,128,0.2,0.3,0.0001
10.378632880225211,0,128,0.2,0.3,0.0005
10.240065904289875,0,128,0.2,0.3,0.001
10.92966448736048,0,128,0.2,0.5,0.0001
10.500487751942552,0,128,0.2,0.5,0.0005
10.410503871972907,0,128,0.2,0.5,0.001
10.3216449177273,0,128,0.2,0.8,0.0001
10.390308574150312,0,128,0.2,0.8,0.0005
11.414641584454186,0,128,0.2,0.8,0.001
10.615693956631405,0,"(8, 8)",0.1,0.3,0.0001
10.239008822109344,0,"(8, 8)",0.1,0.3,0.0005
10.453487449009803,0,"(8, 8)",0.1,0.3,0.001
10.774780894249185,0,"(8, 8)",0.1,0.5,0.0001
10.328755045706142,0,"(8, 8)",0.1,0.5,0.0005
10.576042388618585,0,"(8, 8)",0.1,0.5,0.001
10.363225829405451,0,"(8, 8)",0.1,0.8,0.0001
10.773647866673079,0,"(8, 8)",0.1,0.8,0.0005
10.65199362780719,0,"(8, 8)",0.1,0.8,0.001
10.40226706196076,0,"(8, 8)",0.2,0.3,0.0001
10.73541976514911,0,"(8, 8)",0.2,0.3,0.0005
10.824188854740184,0,"(8, 8)",0.2,0.3,0.001
10.940526209408024,0,"(8, 8)",0.2,0.5,0.0001
10.282664160615305,0,"(8, 8)",0.2,0.5,0.0005
10.898437509872185,0,"(8, 8)",0.2,0.5,0.001
11.234775347804376,0,"(8, 8)",0.2,0.8,0.0001
10.45742308405546,0,"(8, 8)",0.2,0.8,0.0005
10.752512544359023,0,"(8, 8)",0.2,0.8,0.001
10.810717263425959,0,"(16, 16)",0.1,0.3,0.0001
10.626450137615176,0,"(16, 16)",0.1,0.3,0.0005
10.325955584780159,0,"(16, 16)",0.1,0.3,0.001
10.54536060865806,0,"(16, 16)",0.1,0.5,0.0001
10.35149405558924,0,"(16, 16)",0.1,0.5,0.0005
10.993688677484725,0,"(16, 16)",0.1,0.5,0.001
10.34063077720632,0,"(16, 16)",0.1,0.8,0.0001
10.895754435257528,0,"(16, 16)",0.1,0.8,0.0005
10.93569666497903,0,"(16, 16)",0.1,0.8,0.001
11.443960083515677,0,"(16, 16)",0.2,0.3,0.0001
11.036765519358218,0,"(16, 16)",0.2,0.3,0.0005
9.917727524604937,0,"(16, 16)",0.2,0.3,0.001
10.964539042883773,0,"(16, 16)",0.2,0.5,0.0001
10.973495482939835,0,"(16, 16)",0.2,0.5,0.0005
12.093127675967999,0,"(16, 16)",0.2,0.5,0.001
10.52273783033573,0,"(16, 16)",0.2,0.8,0.0001
10.339833276043214,0,"(16, 16)",0.2,0.8,0.0005
10.36870995414603,0,"(16, 16)",0.2,0.8,0.001
10.654374131641902,0,"(32, 32)",0.1,0.3,0.0001
10.351370231085639,0,"(32, 32)",0.1,0.3,0.0005
10.853966886386818,0,"(32, 32)",0.1,0.3,0.001
10.076263661021464,0,"(32, 32)",0.1,0.5,0.0001
10.497951873838216,0,"(32, 32)",0.1,0.5,0.0005
10.502621379336329,0,"(32, 32)",0.1,0.5,0.001
9.930025846509361,0,"(32, 32)",0.1,0.8,0.0001
10.470343526635492,0,"(32, 32)",0.1,0.8,0.0005
10.309414063429562,0,"(32, 32)",0.1,0.8,0.001
10.392353690888113,0,"(32, 32)",0.2,0.3,0.0001
11.859928348633487,0,"(32, 32)",0.2,0.3,0.0005
12.282965339810847,0,"(32, 32)",0.2,0.3,0.001
11.043799008646273,0,"(32, 32)",0.2,0.5,0.0001
11.636521416013073,0,"(32, 32)",0.2,0.5,0.0005
12.179130122309274,0,"(32, 32)",0.2,0.5,0.001
10.365994597145377,0,"(32, 32)",0.2,0.8,0.0001
13.839993961317315,0,"(32, 32)",0.2,0.8,0.0005
11.310537424708485,0,"(32, 32)",0.2,0.8,0.001
10.496918599932988,0,"(8, 16, 8)",0.1,0.3,0.0001
10.361964438587423,0,"(8, 16, 8)",0.1,0.3,0.0005
11.06491870676948,0,"(8, 16, 8)",0.1,0.3,0.001
11.274591401474208,0,"(8, 16, 8)",0.1,0.5,0.0001
10.301472352981836,0,"(8, 16, 8)",0.1,0.5,0.0005
10.428160078211695,0,"(8, 16, 8)",0.1,0.5,0.001
10.0462368114558,0,"(8, 16, 8)",0.1,0.8,0.0001
10.727884559426098,0,"(8, 16, 8)",0.1,0.8,0.0005
10.767837283930973,0,"(8, 16, 8)",0.1,0.8,0.001
10.931339993073832,0,"(8, 16, 8)",0.2,0.3,0.0001
12.34018886416776,0,"(8, 16, 8)",0.2,0.3,0.0005
10.572359238340784,0,"(8, 16, 8)",0.2,0.3,0.001
11.896668331562129,0,"(8, 16, 8)",0.2,0.5,0.0001
10.956442521720433,0,"(8, 16, 8)",0.2,0.5,0.0005
11.621512822837357,0,"(8, 16, 8)",0.2,0.5,0.001
12.399414644511136,0,"(8, 16, 8)",0.2,0.8,0.0001
11.091309516340543,0,"(8, 16, 8)",0.2,0.8,0.0005
11.832902635667688,0,"(8, 16, 8)",0.2,0.8,0.001
9.992869448456002,0,"(16, 32, 16)",0.1,0.3,0.0001
10.556866905887338,0,"(16, 32, 16)",0.1,0.3,0.0005
10.780051537860075,0,"(16, 32, 16)",0.1,0.3,0.001
10.097333762428766,0,"(16, 32, 16)",0.1,0.5,0.0001
10.356549075198261,0,"(16, 32, 16)",0.1,0.5,0.0005
10.434541267573167,0,"(16, 32, 16)",0.1,0.5,0.001
10.476226438613173,0,"(16, 32, 16)",0.1,0.8,0.0001
10.089531573219567,0,"(16, 32, 16)",0.1,0.8,0.0005
11.160335141866577,0,"(16, 32, 16)",0.1,0.8,0.001
11.940719842916621,0,"(16, 32, 16)",0.2,0.3,0.0001
11.76836528773202,0,"(16, 32, 16)",0.2,0.3,0.0005
13.82129926601913,0,"(16, 32, 16)",0.2,0.3,0.001
11.647802818385818,0,"(16, 32, 16)",0.2,0.5,0.0001
12.516340794470878,0,"(16, 32, 16)",0.2,0.5,0.0005
11.737257277272972,0,"(16, 32, 16)",0.2,0.5,0.001
11.704277242999634,0,"(16, 32, 16)",0.2,0.8,0.0001
12.906726766829644,0,"(16, 32, 16)",0.2,0.8,0.0005
13.19700904386923,0,"(16, 32, 16)",0.2,0.8,0.001
10.69667020464145,0,"(8, 8, 8)",0.1,0.3,0.0001
11.345610988606175,0,"(8, 8, 8)",0.1,0.3,0.0005
11.016589294027497,0,"(8, 8, 8)",0.1,0.3,0.001
10.66445586736057,0,"(8, 8, 8)",0.1,0.5,0.0001
10.478793517905368,0,"(8, 8, 8)",0.1,0.5,0.0005
11.213820053094466,0,"(8, 8, 8)",0.1,0.5,0.001
11.138661646380054,0,"(8, 8, 8)",0.1,0.8,0.0001
9.969909828982768,0,"(8, 8, 8)",0.1,0.8,0.0005
10.31679062517551,0,"(8, 8, 8)",0.1,0.8,0.001
11.159556572780584,0,"(8, 8, 8)",0.2,0.3,0.0001
11.663232167507868,0,"(8, 8, 8)",0.2,0.3,0.0005
11.198249688488344,0,"(8, 8, 8)",0.2,0.3,0.001
11.412251512497622,0,"(8, 8, 8)",0.2,0.5,0.0001
11.015373036224315,0,"(8, 8, 8)",0.2,0.5,0.0005
9.995000532134943,0,"(8, 8, 8)",0.2,0.5,0.001
11.128194245278763,0,"(8, 8, 8)",0.2,0.8,0.0001
11.092011491813903,0,"(8, 8, 8)",0.2,0.8,0.0005
10.890685800847267,0,"(8, 8, 8)",0.2,0.8,0.001
10.207669142168012,1,32,0.1,0.3,0.0001
9.98951252696077,1,32,0.1,0.3,0.0005
9.929399406136977,1,32,0.1,0.3,0.001
10.262059009803526,1,32,0.1,0.5,0.0001
10.649129926463726,1,32,0.1,0.5,0.0005
10.545898197975337,1,32,0.1,0.5,0.001
10.55948311491159,1,32,0.1,0.8,0.0001
10.278865780561055,1,32,0.1,0.8,0.0005
10.602668580390304,1,32,0.1,0.8,0.001
10.877151885314925,1,32,0.2,0.3,0.0001
10.837585596558817,1,32,0.2,0.3,0.0005
10.778368023469543,1,32,0.2,0.3,0.001
10.171518388372386,1,32,0.2,0.5,0.0001
10.550394680846749,1,32,0.2,0.5,0.0005
10.736997767416959,1,32,0.2,0.5,0.001
10.590278127886489,1,32,0.2,0.8,0.0001
10.250852557161235,1,32,0.2,0.8,0.0005
10.180770551770022,1,32,0.2,0.8,0.001
10.247585384315602,1,64,0.1,0.3,0.0001
10.609875147314792,1,64,0.1,0.3,0.0005
10.462956691804534,1,64,0.1,0.3,0.001
10.517154682575171,1,64,0.1,0.5,0.0001
10.285179757855898,1,64,0.1,0.5,0.0005
10.367253917483662,1,64,0.1,0.5,0.001
10.310627216022365,1,64,0.1,0.8,0.0001
10.556578971378954,1,64,0.1,0.8,0.0005
10.107455347949186,1,64,0.1,0.8,0.001
10.325853074733216,1,64,0.2,0.3,0.0001
10.905253145063881,1,64,0.2,0.3,0.0005
10.650543943102372,1,64,0.2,0.3,0.001
10.527025249273265,1,64,0.2,0.5,0.0001
10.789863457432318,1,64,0.2,0.5,0.0005
11.102968057000329,1,64,0.2,0.5,0.001
10.311114766183664,1,64,0.2,0.8,0.0001
10.289928743013615,1,64,0.2,0.8,0.0005
10.699265722240996,1,64,0.2,0.8,0.001
10.07404713840481,1,128,0.1,0.3,0.0001
10.647189869705874,1,128,0.1,0.3,0.0005
10.004864387373434,1,128,0.1,0.3,0.001
10.650313619878714,1,128,0.1,0.5,0.0001
10.496710812496294,1,128,0.1,0.5,0.0005
10.99905364996256,1,128,0.1,0.5,0.001
10.468435417469333,1,128,0.1,0.8,0.0001
10.780082384885645,1,128,0.1,0.8,0.0005
10.67903022862572,1,128,0.1,0.8,0.001
10.872009276803329,1,128,0.2,0.3,0.0001
10.772636389389785,1,128,0.2,0.3,0.0005
10.780659204854175,1,128,0.2,0.3,0.001
10.373023401044604,1,128,0.2,0.5,0.0001
10.129336183833793,1,128,0.2,0.5,0.0005
10.925135478529596,1,128,0.2,0.5,0.001
10.5563354715741,1,128,0.2,0.8,0.0001
10.248994029474634,1,128,0.2,0.8,0.0005
10.57496650120837,1,128,0.2,0.8,0.001
10.286264083166577,1,"(8, 8)",0.1,0.3,0.0001
10.258288390372787,1,"(8, 8)",0.1,0.3,0.0005
10.382723099362451,1,"(8, 8)",0.1,0.3,0.001
10.826880366035235,1,"(8, 8)",0.1,0.5,0.0001
10.577628525221993,1,"(8, 8)",0.1,0.5,0.0005
10.591765880688602,1,"(8, 8)",0.1,0.5,0.001
10.728760325431903,1,"(8, 8)",0.1,0.8,0.0001
10.639537863974812,1,"(8, 8)",0.1,0.8,0.0005
10.211239668720003,1,"(8, 8)",0.1,0.8,0.001
10.646882598864845,1,"(8, 8)",0.2,0.3,0.0001
10.944974431471099,1,"(8, 8)",0.2,0.3,0.0005
10.429504500027956,1,"(8, 8)",0.2,0.3,0.001
9.874307261951245,1,"(8, 8)",0.2,0.5,0.0001
10.600010996662048,1,"(8, 8)",0.2,0.5,0.0005
10.642215380491354,1,"(8, 8)",0.2,0.5,0.001
11.126370415395632,1,"(8, 8)",0.2,0.8,0.0001
11.11177938226263,1,"(8, 8)",0.2,0.8,0.0005
10.451997014164805,1,"(8, 8)",0.2,0.8,0.001
10.273832697584659,1,"(16, 16)",0.1,0.3,0.0001
10.484812926947948,1,"(16, 16)",0.1,0.3,0.0005
10.7113283943558,1,"(16, 16)",0.1,0.3,0.001
10.265642544001349,1,"(16, 16)",0.1,0.5,0.0001
9.98845489846357,1,"(16, 16)",0.1,0.5,0.0005
10.548856668653993,1,"(16, 16)",0.1,0.5,0.001
10.205511994473452,1,"(16, 16)",0.1,0.8,0.0001
10.260100666362675,1,"(16, 16)",0.1,0.8,0.0005
10.391393434985972,1,"(16, 16)",0.1,0.8,0.001
11.67983915260631,1,"(16, 16)",0.2,0.3,0.0001
11.657395142408848,1,"(16, 16)",0.2,0.3,0.0005
11.082990488456717,1,"(16, 16)",0.2,0.3,0.001
10.510918739134786,1,"(16, 16)",0.2,0.5,0.0001
10.572851144600243,1,"(16, 16)",0.2,0.5,0.0005
11.065844721124959,1,"(16, 16)",0.2,0.5,0.001
11.51302105070025,1,"(16, 16)",0.2,0.8,0.0001
11.307131018628823,1,"(16, 16)",0.2,0.8,0.0005
11.37926767487746,1,"(16, 16)",0.2,0.8,0.001
10.576310250901358,1,"(32, 32)",0.1,0.3,0.0001
10.536991499861752,1,"(32, 32)",0.1,0.3,0.0005
10.997621427822278,1,"(32, 32)",0.1,0.3,0.001
11.39357545169587,1,"(32, 32)",0.1,0.5,0.0001
10.1620362256013,1,"(32, 32)",0.1,0.5,0.0005
10.137465759258484,1,"(32, 32)",0.1,0.5,0.001
10.920333491175612,1,"(32, 32)",0.1,0.8,0.0001
10.439466888051012,1,"(32, 32)",0.1,0.8,0.0005
9.858356912856923,1,"(32, 32)",0.1,0.8,0.001
10.645797811137133,1,"(32, 32)",0.2,0.3,0.0001
13.762699163946326,1,"(32, 32)",0.2,0.3,0.0005
12.762719561810954,1,"(32, 32)",0.2,0.3,0.001
10.540415735011816,1,"(32, 32)",0.2,0.5,0.0001
12.252235481282321,1,"(32, 32)",0.2,0.5,0.0005
12.966003006792537,1,"(32, 32)",0.2,0.5,0.001
11.10970410028288,1,"(32, 32)",0.2,0.8,0.0001
11.987020266993747,1,"(32, 32)",0.2,0.8,0.0005
10.524743412326709,1,"(32, 32)",0.2,0.8,0.001
10.261008972309394,1,"(8, 16, 8)",0.1,0.3,0.0001
10.80652959801298,1,"(8, 16, 8)",0.1,0.3,0.0005
10.35169824747202,1,"(8, 16, 8)",0.1,0.3,0.001
10.662158195532179,1,"(8, 16, 8)",0.1,0.5,0.0001
11.168491460023018,1,"(8, 16, 8)",0.1,0.5,0.0005
10.700682684782318,1,"(8, 16, 8)",0.1,0.5,0.001
10.264641488697752,1,"(8, 16, 8)",0.1,0.8,0.0001
10.99936581256714,1,"(8, 16, 8)",0.1,0.8,0.0005
10.276885271644792,1,"(8, 16, 8)",0.1,0.8,0.001
11.680109713575785,1,"(8, 16, 8)",0.2,0.3,0.0001
11.230432041841562,1,"(8, 16, 8)",0.2,0.3,0.0005
12.026985324535275,1,"(8, 16, 8)",0.2,0.3,0.001
11.183025822941973,1,"(8, 16, 8)",0.2,0.5,0.0001
10.587616108654814,1,"(8, 16, 8)",0.2,0.5,0.0005
12.16563544005323,1,"(8, 16, 8)",0.2,0.5,0.001
10.978249007680066,1,"(8, 16, 8)",0.2,0.8,0.0001
10.721882890300943,1,"(8, 16, 8)",0.2,0.8,0.0005
11.263547407493725,1,"(8, 16, 8)",0.2,0.8,0.001
10.271555583350764,1,"(16, 32, 16)",0.1,0.3,0.0001
10.908628410153293,1,"(16, 32, 16)",0.1,0.3,0.0005
11.438343348150058,1,"(16, 32, 16)",0.1,0.3,0.001
10.469913820324077,1,"(16, 32, 16)",0.1,0.5,0.0001
10.390362152683176,1,"(16, 32, 16)",0.1,0.5,0.0005
10.42690867907817,1,"(16, 32, 16)",0.1,0.5,0.001
10.292587440830472,1,"(16, 32, 16)",0.1,0.8,0.0001
10.124810793436009,1,"(16, 32, 16)",0.1,0.8,0.0005
10.354708197369185,1,"(16, 32, 16)",0.1,0.8,0.001
10.743603175685662,1,"(16, 32, 16)",0.2,0.3,0.0001
13.69508525765335,1,"(16, 32, 16)",0.2,0.3,0.0005
14.648302045989837,1,"(16, 32, 16)",0.2,0.3,0.001
11.645764218349639,1,"(16, 32, 16)",0.2,0.5,0.0001
13.905184832872758,1,"(16, 32, 16)",0.2,0.5,0.0005
14.008392554213453,1,"(16, 32, 16)",0.2,0.5,0.001
12.109629135976805,1,"(16, 32, 16)",0.2,0.8,0.0001
14.970329783329436,1,"(16, 32, 16)",0.2,0.8,0.0005
12.162471283126965,1,"(16, 32, 16)",0.2,0.8,0.001
11.140834474596836,1,"(8, 8, 8)",0.1,0.3,0.0001
10.398527873280424,1,"(8, 8, 8)",0.1,0.3,0.0005
11.201597399081892,1,"(8, 8, 8)",0.1,0.3,0.001
11.275732850137334,1,"(8, 8, 8)",0.1,0.5,0.0001
11.066456733199582,1,"(8, 8, 8)",0.1,0.5,0.0005
11.375758415705079,1,"(8, 8, 8)",0.1,0.5,0.001
10.987758798634164,1,"(8, 8, 8)",0.1,0.8,0.0001
10.924081219750164,1,"(8, 8, 8)",0.1,0.8,0.0005
10.603223312192762,1,"(8, 8, 8)",0.1,0.8,0.001
10.578759359106453,1,"(8, 8, 8)",0.2,0.3,0.0001
11.935035683928232,1,"(8, 8, 8)",0.2,0.3,0.0005
11.337831688713347,1,"(8, 8, 8)",0.2,0.3,0.001
11.596232788709333,1,"(8, 8, 8)",0.2,0.5,0.0001
11.529122786401475,1,"(8, 8, 8)",0.2,0.5,0.0005
10.057479831210058,1,"(8, 8, 8)",0.2,0.5,0.001
10.638403148156788,1,"(8, 8, 8)",0.2,0.8,0.0001
11.368377700202174,1,"(8, 8, 8)",0.2,0.8,0.0005
10.507161970604646,1,"(8, 8, 8)",0.2,0.8,0.001
10.455254729716179,2,32,0.1,0.3,0.0001
10.508957953090086,2,32,0.1,0.3,0.0005
10.553322704089066,2,32,0.1,0.3,0.001
10.090648233759302,2,32,0.1,0.5,0.0001
10.334197476841167,2,32,0.1,0.5,0.0005
10.376587568184723,2,32,0.1,0.5,0.001
10.503151172950053,2,32,0.1,0.8,0.0001
10.291774673374118,2,32,0.1,0.8,0.0005
10.90259687566502,2,32,0.1,0.8,0.001
10.483638887622172,2,32,0.2,0.3,0.0001
10.611248365956929,2,32,0.2,0.3,0.0005
10.510264735541373,2,32,0.2,0.3,0.001
10.60649064203778,2,32,0.2,0.5,0.0001
10.661067234491167,2,32,0.2,0.5,0.0005
10.099277660869243,2,32,0.2,0.5,0.001
10.384473208360784,2,32,0.2,0.8,0.0001
10.325983365659118,2,32,0.2,0.8,0.0005
10.190817897436313,2,32,0.2,0.8,0.001
10.292318555457182,2,64,0.1,0.3,0.0001
10.354805567521547,2,64,0.1,0.3,0.0005
10.373895471125046,2,64,0.1,0.3,0.001
10.726293952190671,2,64,0.1,0.5,0.0001
10.417585205483599,2,64,0.1,0.5,0.0005
10.763496007270863,2,64,0.1,0.5,0.001
10.259565210919485,2,64,0.1,0.8,0.0001
10.616735059103936,2,64,0.1,0.8,0.0005
10.48345473772398,2,64,0.1,0.8,0.001
10.757628360110617,2,64,0.2,0.3,0.0001
10.719159395482786,2,64,0.2,0.3,0.0005
10.225177488703839,2,64,0.2,0.3,0.001
10.281266994762666,2,64,0.2,0.5,0.0001
10.982399681977586,2,64,0.2,0.5,0.0005
10.838060448424077,2,64,0.2,0.5,0.001
10.120663485219202,2,64,0.2,0.8,0.0001
10.817783909129295,2,64,0.2,0.8,0.0005
10.736722797350454,2,64,0.2,0.8,0.001
10.350272954424716,2,128,0.1,0.3,0.0001
10.54955137688296,2,128,0.1,0.3,0.0005
10.599612232393358,2,128,0.1,0.3,0.001
10.692415567086112,2,128,0.1,0.5,0.0001
10.930912731271787,2,128,0.1,0.5,0.0005
10.910730223282945,2,128,0.1,0.5,0.001
11.155141204368874,2,128,0.1,0.8,0.0001
10.558604867657078,2,128,0.1,0.8,0.0005
10.410573910047663,2,128,0.1,0.8,0.001
11.626379457963989,2,128,0.2,0.3,0.0001
11.382032377284181,2,128,0.2,0.3,0.0005
10.879569077774612,2,128,0.2,0.3,0.001
10.742214924052004,2,128,0.2,0.5,0.0001
10.26767972287671,2,128,0.2,0.5,0.0005
10.427992765171433,2,128,0.2,0.5,0.001
10.521322388239481,2,128,0.2,0.8,0.0001
10.680628234527774,2,128,0.2,0.8,0.0005
10.718284008689869,2,128,0.2,0.8,0.001
10.634976164032073,2,"(8, 8)",0.1,0.3,0.0001
10.375395765986628,2,"(8, 8)",0.1,0.3,0.0005
10.287416047229632,2,"(8, 8)",0.1,0.3,0.001
10.715600689688323,2,"(8, 8)",0.1,0.5,0.0001
10.03529016472731,2,"(8, 8)",0.1,0.5,0.0005
10.522362295103084,2,"(8, 8)",0.1,0.5,0.001
10.287630760158974,2,"(8, 8)",0.1,0.8,0.0001
10.102251740036742,2,"(8, 8)",0.1,0.8,0.0005
10.375257100610687,2,"(8, 8)",0.1,0.8,0.001
10.577830459449206,2,"(8, 8)",0.2,0.3,0.0001
10.592453183448796,2,"(8, 8)",0.2,0.3,0.0005
11.26911045174046,2,"(8, 8)",0.2,0.3,0.001
10.850572641971002,2,"(8, 8)",0.2,0.5,0.0001
10.79119019868109,2,"(8, 8)",0.2,0.5,0.0005
10.996214278874282,2,"(8, 8)",0.2,0.5,0.001
10.452569400472205,2,"(8, 8)",0.2,0.8,0.0001
10.772205116179943,2,"(8, 8)",0.2,0.8,0.0005
10.732281166999524,2,"(8, 8)",0.2,0.8,0.001
10.597043933245542,2,"(16, 16)",0.1,0.3,0.0001
10.379496952692588,2,"(16, 16)",0.1,0.3,0.0005
10.471139616370657,2,"(16, 16)",0.1,0.3,0.001
10.532747493803697,2,"(16, 16)",0.1,0.5,0.0001
10.817413096448997,2,"(16, 16)",0.1,0.5,0.0005
10.470238173323784,2,"(16, 16)",0.1,0.5,0.001
10.422221658877666,2,"(16, 16)",0.1,0.8,0.0001
10.204627215111646,2,"(16, 16)",0.1,0.8,0.0005
11.030720456982579,2,"(16, 16)",0.1,0.8,0.001
10.569249530129857,2,"(16, 16)",0.2,0.3,0.0001
11.877211419844667,2,"(16, 16)",0.2,0.3,0.0005
10.596655891045046,2,"(16, 16)",0.2,0.3,0.001
10.247075529997385,2,"(16, 16)",0.2,0.5,0.0001
10.936955418420535,2,"(16, 16)",0.2,0.5,0.0005
10.607956198022716,2,"(16, 16)",0.2,0.5,0.001
10.590514211103137,2,"(16, 16)",0.2,0.8,0.0001
11.481639746036599,2,"(16, 16)",0.2,0.8,0.0005
11.081502972155553,2,"(16, 16)",0.2,0.8,0.001
10.967062647181445,2,"(32, 32)",0.1,0.3,0.0001
10.557185281353487,2,"(32, 32)",0.1,0.3,0.0005
10.470912014755738,2,"(32, 32)",0.1,0.3,0.001
11.366174367572269,2,"(32, 32)",0.1,0.5,0.0001
10.683384110521956,2,"(32, 32)",0.1,0.5,0.0005
10.611788596987841,2,"(32, 32)",0.1,0.5,0.001
10.265468642046166,2,"(32, 32)",0.1,0.8,0.0001
11.033812321943172,2,"(32, 32)",0.1,0.8,0.0005
10.271798027497443,2,"(32, 32)",0.1,0.8,0.001
10.978040423290421,2,"(32, 32)",0.2,0.3,0.0001
11.675771742734709,2,"(32, 32)",0.2,0.3,0.0005
11.670855118922832,2,"(32, 32)",0.2,0.3,0.001
10.21175651682037,2,"(32, 32)",0.2,0.5,0.0001
13.79610670434504,2,"(32, 32)",0.2,0.5,0.0005
12.03001830225996,2,"(32, 32)",0.2,0.5,0.001
10.879868819362635,2,"(32, 32)",0.2,0.8,0.0001
12.270513131641922,2,"(32, 32)",0.2,0.8,0.0005
12.188500593261105,2,"(32, 32)",0.2,0.8,0.001
10.392953652393096,2,"(8, 16, 8)",0.1,0.3,0.0001
10.581149638742621,2,"(8, 16, 8)",0.1,0.3,0.0005
10.87136063698377,2,"(8, 16, 8)",0.1,0.3,0.001
10.463787805638948,2,"(8, 16, 8)",0.1,0.5,0.0001
10.77995463711697,2,"(8, 16, 8)",0.1,0.5,0.0005
10.619087980213376,2,"(8, 16, 8)",0.1,0.5,0.001
10.028111625010858,2,"(8, 16, 8)",0.1,0.8,0.0001
10.455708466510938,2,"(8, 16, 8)",0.1,0.8,0.0005
11.103533162574443,2,"(8, 16, 8)",0.1,0.8,0.001
10.778759032323615,2,"(8, 16, 8)",0.2,0.3,0.0001
11.466357383085798,2,"(8, 16, 8)",0.2,0.3,0.0005
11.76236342396323,2,"(8, 16, 8)",0.2,0.3,0.001
11.418439583523204,2,"(8, 16, 8)",0.2,0.5,0.0001
12.787378067628874,2,"(8, 16, 8)",0.2,0.5,0.0005
10.930296650768065,2,"(8, 16, 8)",0.2,0.5,0.001
12.01929423317426,2,"(8, 16, 8)",0.2,0.8,0.0001
10.799111747088366,2,"(8, 16, 8)",0.2,0.8,0.0005
11.156710548620902,2,"(8, 16, 8)",0.2,0.8,0.001
10.61681346984479,2,"(16, 32, 16)",0.1,0.3,0.0001
10.986809041711528,2,"(16, 32, 16)",0.1,0.3,0.0005
10.657156595710864,2,"(16, 32, 16)",0.1,0.3,0.001
10.112307402536675,2,"(16, 32, 16)",0.1,0.5,0.0001
11.090228510500756,2,"(16, 32, 16)",0.1,0.5,0.0005
10.476640299851008,2,"(16, 32, 16)",0.1,0.5,0.001
10.400103407511603,2,"(16, 32, 16)",0.1,0.8,0.0001
10.958691205592684,2,"(16, 32, 16)",0.1,0.8,0.0005
10.989599858179945,2,"(16, 32, 16)",0.1,0.8,0.001
11.812177947755524,2,"(16, 32, 16)",0.2,0.3,0.0001
13.317111488345816,2,"(16, 32, 16)",0.2,0.3,0.0005
13.653394866585682,2,"(16, 32, 16)",0.2,0.3,0.001
10.586858531292926,2,"(16, 32, 16)",0.2,0.5,0.0001
11.944846566418622,2,"(16, 32, 16)",0.2,0.5,0.0005
13.385441596117186,2,"(16, 32, 16)",0.2,0.5,0.001
12.390293244999373,2,"(16, 32, 16)",0.2,0.8,0.0001
14.528502243797018,2,"(16, 32, 16)",0.2,0.8,0.0005
13.416418436052012,2,"(16, 32, 16)",0.2,0.8,0.001
10.889894690960784,2,"(8, 8, 8)",0.1,0.3,0.0001
10.315174269878534,2,"(8, 8, 8)",0.1,0.3,0.0005
10.597415864952861,2,"(8, 8, 8)",0.1,0.3,0.001
10.945341985133405,2,"(8, 8, 8)",0.1,0.5,0.0001
10.437925966617943,2,"(8, 8, 8)",0.1,0.5,0.0005
11.46143226835357,2,"(8, 8, 8)",0.1,0.5,0.001
10.330326442254016,2,"(8, 8, 8)",0.1,0.8,0.0001
10.760157002148391,2,"(8, 8, 8)",0.1,0.8,0.0005
10.273451466516395,2,"(8, 8, 8)",0.1,0.8,0.001
11.289758623508979,2,"(8, 8, 8)",0.2,0.3,0.0001
10.332472300377129,2,"(8, 8, 8)",0.2,0.3,0.0005
10.287032308538661,2,"(8, 8, 8)",0.2,0.3,0.001
10.838662089018023,2,"(8, 8, 8)",0.2,0.5,0.0001
10.880677947213997,2,"(8, 8, 8)",0.2,0.5,0.0005
10.807125022236058,2,"(8, 8, 8)",0.2,0.5,0.001
10.466276200073603,2,"(8, 8, 8)",0.2,0.8,0.0001
10.326636200209856,2,"(8, 8, 8)",0.2,0.8,0.0005
10.869146073405513,2,"(8, 8, 8)",0.2,0.8,0.001
